Calendar Year,System Type,LNG Tanks,LNG Plants,Facility Status,Report ID,LNG No Leaks Incidents,PORTAL_DATE,Operator Count,Operator Count,State Name,Pipeline Region Name,Inter / Intra
2010,LNG,1,1,I,20110001,N,2017-03-07 04:06:52,1,909,GEORGIA,SOUTHERN,INTRASTATE
2010,LNG,6,4,I,20110002,N,2017-03-07 04:06:52,1,180,ALABAMA,SOUTHERN,INTRASTATE
2010,LNG,1,1,I,20110003,N,2017-03-07 04:06:52,1,17540,VIRGINIA,EASTERN,INTRASTATE
2010,LNG,1,1,I,20110004,N,2017-03-07 04:06:52,1,2704,NEW YORK,EASTERN,INTRASTATE
2010,LNG,3,2,I,20110005,N,2017-03-07 04:06:52,1,13299,NEW JERSEY,EASTERN,INTRASTATE
2010,LNG,3,3,I,20110006,N,2017-03-07 04:06:52,1,16667,NEW HAMPSHIRE,EASTERN,INTRASTATE
2010,LNG,2,1,I,20110007,N,2017-03-07 04:06:52,1,1800,NEW YORK,EASTERN,INTRASTATE
2010,LNG,1,1,I,20110008,N,2017-03-07 04:06:52,1,11713,NEW YORK,EASTERN,INTRASTATE
2010,LNG,1,1,I,20110009,N,2017-03-07 04:06:52,1,4547,MASSACHUSETTS,EASTERN,INTRASTATE
2010,LNG,2,2,I,20110010,N,2017-03-07 04:06:52,1,11856,MASSACHUSETTS,EASTERN,INTRASTATE
2010,LNG,1,1,I,20110011,N,2017-03-07 04:06:52,1,2616,VIRGINIA,EASTERN,INTERSTATE
2010,LNG,1,1,I,20110012,N,2017-03-07 04:06:52,1,2288,TENNESSEE,SOUTHERN,INTERSTATE
2010,LNG,3,2,I,20110013,N,2017-03-07 04:06:52,1,2066,MASSACHUSETTS,EASTERN,INTRASTATE
2010,LNG,3,3,I,20110014,N,2017-03-07 04:06:52,1,1640,MASSACHUSETTS,EASTERN,INTRASTATE
2010,LNG,4,3,I,20110015,N,2017-03-07 04:06:52,1,792,GEORGIA,SOUTHERN,INTRASTATE
2010,LNG,1,1,I,20110016,N,2017-03-07 04:06:52,1,4350,NEW JERSEY,EASTERN,INTRASTATE
2010,LNG,2,2,I,20110017,N,2017-03-07 04:06:52,1,2392,INDIANA,CENTRAL,INTRASTATE
2010,LNG,1,1,I,20110018,N,2017-03-07 04:06:52,1,13480,RHODE ISLAND,EASTERN,INTERSTATE
2010,LNG,2,2,I,20110018,N,2017-03-07 04:06:52,1,13480,RHODE ISLAND,EASTERN,INTRASTATE
2010,LNG,2,1,I,20110019,N,2017-03-07 04:06:52,1,15329,ILLINOIS,CENTRAL,INTRASTATE
2010,LNG,1,1,I,20110020,N,2017-03-07 04:06:52,1,13783,WISCONSIN,CENTRAL,INTRASTATE
2010,LNG,1,1,I,20110021,N,2017-03-07 04:06:52,1,22777,WISCONSIN,CENTRAL,INTRASTATE
2010,LNG,4,1,I,20110022,N,2017-03-07 04:06:52,1,22763,WISCONSIN,CENTRAL,INTRASTATE
2010,LNG,5,1,I,20110023,N,2017-03-07 04:06:52,1,32152,LOUISIANA,SOUTHWEST,INTERSTATE
2010,LNG,1,1,I,20110024,N,2017-03-07 04:06:52,1,2700,CONNECTICUT,EASTERN,INTRASTATE
2010,LNG,5,2,I,20110025,N,2017-03-07 04:06:52,1,1088,MARYLAND,EASTERN,INTRASTATE
2010,LNG,2,1,I,20110026,N,2017-03-07 04:06:52,1,32206,TEXAS,SOUTHWEST,INTERSTATE
2010,LNG,1,1,I,20110027,N,2017-03-07 04:06:52,1,15952,NEW JERSEY,EASTERN,INTRASTATE
2010,LNG,2,2,I,20110028,N,2017-03-07 04:06:52,1,8160,IDAHO,WESTERN,INTRASTATE
2010,LNG,3,1,I,20110029,N,2017-03-07 04:06:52,1,15480,ALASKA,WESTERN,INTERSTATE
2010,LNG,3,2,I,20110030,N,2017-03-07 04:06:52,1,15469,PENNSYLVANIA,EASTERN,INTRASTATE
2010,LNG,3,1,I,20110031,N,2017-03-07 04:06:52,1,13795,MAINE,EASTERN,INTRASTATE
2010,LNG,1,1,I,20110032,N,2017-03-07 04:06:52,1,31421,CONNECTICUT,EASTERN,INTERSTATE
2010,LNG,1,1,I,20110033,N,2017-03-07 04:06:52,1,18440,NEW JERSEY,EASTERN,INTRASTATE
2010,LNG,4,3,I,20110034,N,2017-03-07 04:06:52,1,30750,IOWA,CENTRAL,INTRASTATE
2010,LNG,1,1,I,20110035,N,2017-03-07 04:06:52,1,4070,TENNESSEE,SOUTHERN,INTERSTATE
2010,LNG,1,1,I,20110036,N,2017-03-07 04:06:52,1,12390,NEBRASKA,CENTRAL,INTRASTATE
2010,LNG,4,2,I,20110037,N,2017-03-07 04:06:52,1,22189,WASHINGTON,WESTERN,INTRASTATE
2010,LNG,2,1,I,20110038,N,2017-03-07 04:06:52,1,19570,NEW JERSEY,EASTERN,INTERSTATE
2010,LNG,2,1,I,20110038,N,2017-03-07 04:06:52,1,19570,NORTH CAROLINA,SOUTHERN,INTERSTATE
2010,LNG,9,4,I,20110039,N,2017-03-07 04:06:52,1,1209,MASSACHUSETTS,EASTERN,INTRASTATE
2010,LNG,1,1,I,20110040,N,2017-03-07 04:06:52,1,2604,VIRGINIA,EASTERN,INTRASTATE
2010,LNG,1,1,I,20110041,N,2017-03-07 04:06:52,1,630,ARKANSAS,SOUTHWEST,INTRASTATE
2010,LNG,1,1,I,20110042,N,2017-03-07 04:06:52,1,20211,GEORGIA,SOUTHERN,INTRASTATE
2010,LNG,1,1,I,20110043,N,2017-03-07 04:06:52,1,15033,NEVADA,WESTERN,INTERSTATE
2010,LNG,2,1,I,20110044,N,2017-03-07 04:06:52,1,13845,WASHINGTON,WESTERN,INTERSTATE
2010,LNG,1,2,I,20110045,N,2017-03-07 04:06:52,1,12350,MINNESOTA,CENTRAL,INTRASTATE
2010,LNG,0,1,I,20110045,N,2017-03-07 04:06:52,1,12350,TEXAS,SOUTHWEST,INTRASTATE
2010,LNG,1,1,I,20110046,N,2017-03-07 04:06:52,1,31191,MONTANA,WESTERN,INTRASTATE
2010,LNG,1,1,I,20110047,N,2017-03-07 04:06:52,1,3240,DELAWARE,EASTERN,INTRASTATE
2010,LNG,1,1,I,20110048,N,2017-03-07 04:06:52,1,13860,CONNECTICUT,EASTERN,INTRASTATE
2010,LNG,3,1,I,20110049,N,2017-03-07 04:06:52,1,32214,LOUISIANA,SOUTHWEST,INTERSTATE
2010,LNG,1,1,I,20110050,N,2017-03-07 04:06:52,1,13750,IOWA,CENTRAL,INTERSTATE
2010,LNG,1,1,I,20110050,N,2017-03-07 04:06:52,1,13750,MINNESOTA,CENTRAL,INTERSTATE
2010,LNG,1,1,I,20110051,N,2017-03-07 04:06:52,1,15938,NORTH CAROLINA,SOUTHERN,INTRASTATE
2010,LNG,4,1,I,20110052,N,2017-03-07 04:06:52,1,19733,LOUISIANA,SOUTHWEST,INTERSTATE
2010,LNG,2,1,I,20110053,N,2017-03-07 04:06:52,1,13730,INDIANA,CENTRAL,INTRASTATE
2010,LNG,1,1,I,20110054,N,2017-03-07 04:06:52,1,10320,INDIANA,CENTRAL,INTRASTATE
2010,LNG,1,1,I,20110055,N,2017-03-07 04:06:52,1,5200,MASSACHUSETTS,EASTERN,INTRASTATE
2010,LNG,2,2,I,20110056,N,2017-03-07 04:06:52,1,15518,NORTH CAROLINA,SOUTHERN,INTRASTATE
2010,LNG,1,1,I,20110056,N,2017-03-07 04:06:52,1,15518,TENNESSEE,SOUTHERN,INTRASTATE
2010,LNG,3,1,I,20110057,N,2017-03-07 04:06:52,1,7351,MASSACHUSETTS,EASTERN,INTERSTATE
2010,LNG,2,1,I,20110057,N,2017-03-07 04:06:52,1,7351,MASSACHUSETTS,EASTERN,INTRASTATE
2010,LNG,3,3,I,20110058,N,2017-03-07 04:06:52,1,13840,OREGON,WESTERN,INTRASTATE
2010,LNG,5,1,I,20110059,N,2017-03-07 04:06:52,1,18490,GEORGIA,SOUTHERN,INTERSTATE
2010,LNG,1,1,I,20110060,N,2017-03-07 04:06:52,1,12342,TENNESSEE,SOUTHERN,INTRASTATE
2010,LNG,2,1,I,20110061,N,2017-03-07 04:06:52,1,31636,MINNESOTA,CENTRAL,INTRASTATE
2010,LNG,2,1,I,20110062,N,2017-03-07 04:06:52,1,3411,MASSACHUSETTS,EASTERN,INTERSTATE
2010,LNG,2,1,I,20110063,N,2017-03-07 04:06:52,1,18112,CALIFORNIA,WESTERN,INTRASTATE
2010,LNG,5,8,I,20110064,N,2017-03-07 04:06:52,1,15007,CALIFORNIA,WESTERN,INTRASTATE
2010,LNG,3,2,I,20110065,N,2017-03-07 04:06:52,1,18408,SOUTH CAROLINA,SOUTHERN,INTRASTATE
2010,LNG,1,1,I,20110066,N,2017-03-07 04:06:52,1,15462,PENNSYLVANIA,EASTERN,INTRASTATE
2010,LNG,1,1,I,20110067,N,2017-03-07 04:06:52,1,24015,CONNECTICUT,EASTERN,INTRASTATE
2010,LNG,1,1,I,20120057,N,2017-03-07 04:06:52,1,19740,ALABAMA,SOUTHERN,INTERSTATE
2010,LNG,2,1,I,20120066,N,2017-03-07 04:06:52,1,1344,MASSACHUSETTS,EASTERN,INTRASTATE
2010,LNG,1,1,I,20120068,N,2017-03-07 04:06:52,1,12444,MASSACHUSETTS,EASTERN,INTRASTATE
2010,LNG,5,2,I,20120071,N,2017-03-07 04:06:52,1,31044,WYOMING,WESTERN,INTRASTATE
2010,LNG,4,1,I,20120073,N,2017-03-07 04:06:52,1,6790,NORTH CAROLINA,SOUTHERN,INTRASTATE
2010,LNG,4,1,I,20120075,N,2017-03-07 04:06:52,1,7330,MASSACHUSETTS,EASTERN,INTRASTATE
2010,LNG,2,1,I,20120081,N,2017-03-07 04:06:52,1,31337,ARIZONA,WESTERN,INTERSTATE
2010,LNG,1,1,I,20120085,N,2017-03-07 04:06:52,1,31770,MASSACHUSETTS,EASTERN,INTRASTATE
2010,LNG,7,1,I,20120087,N,2017-03-07 04:06:52,1,31664,MARYLAND,EASTERN,INTERSTATE
2010,LNG,1,1,I,20120089,N,2017-03-07 04:06:52,1,38927,PENNSYLVANIA,EASTERN,INTERSTATE
2010,LNG,8,3,I,20130066,N,2017-03-07 04:06:52,1,99128,ALASKA,WESTERN,INTRASTATE
2011,LNG,1,1,I,20120001,Y,2017-03-07 04:06:52,1,11713,NEW YORK,EASTERN,INTRASTATE
2011,LNG,2,1,I,20120002,Y,2017-03-07 04:06:52,1,1800,NEW YORK,EASTERN,INTRASTATE
2011,LNG,3,3,I,20120003,Y,2017-03-07 04:06:52,1,16667,NEW HAMPSHIRE,EASTERN,INTRASTATE
2011,LNG,1,1,I,20120004,Y,2017-03-07 04:06:52,1,13480,RHODE ISLAND,EASTERN,INTERSTATE
2011,LNG,2,2,I,20120004,Y,2017-03-07 04:06:52,1,13480,RHODE ISLAND,EASTERN,INTRASTATE
2011,LNG,2,2,I,20120005,Y,2017-03-07 04:06:52,1,11856,MASSACHUSETTS,EASTERN,INTRASTATE
2011,LNG,1,1,I,20120006,N,2017-03-07 04:06:52,1,18440,NEW JERSEY,EASTERN,INTRASTATE
2011,LNG,3,2,I,20120007,Y,2017-03-07 04:06:52,1,2066,MASSACHUSETTS,EASTERN,INTRASTATE
2011,LNG,1,1,I,20120008,Y,2017-03-07 04:06:52,1,4547,MASSACHUSETTS,EASTERN,INTRASTATE
2011,LNG,2,1,I,20120009,N,2017-03-07 04:06:52,1,13845,WASHINGTON,WESTERN,INTERSTATE
2011,LNG,1,1,I,20120010,Y,2017-03-07 04:06:52,1,909,GEORGIA,SOUTHERN,INTRASTATE
2011,LNG,6,4,I,20120011,N,2017-03-07 04:06:52,1,180,ALABAMA,SOUTHERN,INTRASTATE
2011,LNG,4,3,I,20120012,N,2017-03-07 04:06:52,1,792,GEORGIA,SOUTHERN,INTRASTATE
2011,LNG,2,1,I,20120013,Y,2017-03-07 04:06:52,1,15329,ILLINOIS,CENTRAL,INTRASTATE
2011,LNG,1,1,I,20120014,N,2017-03-07 04:06:52,1,2288,TENNESSEE,SOUTHERN,INTERSTATE
2011,LNG,1,1,I,20120015,N,2017-03-07 04:06:52,1,4350,NEW JERSEY,EASTERN,INTRASTATE
2011,LNG,1,1,I,20120016,Y,2017-03-07 04:06:52,1,13750,IOWA,CENTRAL,INTERSTATE
2011,LNG,1,1,I,20120016,Y,2017-03-07 04:06:52,1,13750,MINNESOTA,CENTRAL,INTERSTATE
2011,LNG,1,1,I,20120017,Y,2017-03-07 04:06:52,1,15462,PENNSYLVANIA,EASTERN,INTRASTATE
2011,LNG,1,1,I,20120018,N,2017-03-07 04:06:52,1,630,ARKANSAS,SOUTHWEST,INTRASTATE
2011,LNG,1,1,I,20120019,Y,2017-03-07 04:06:52,1,5200,MASSACHUSETTS,EASTERN,INTRASTATE
2011,LNG,3,1,I,20120020,N,2017-03-07 04:06:52,1,13795,MAINE,EASTERN,INTRASTATE
2011,LNG,1,1,I,20120021,Y,2017-03-07 04:06:52,1,15938,NORTH CAROLINA,SOUTHERN,INTRASTATE
2011,LNG,1,1,I,20120022,Y,2017-03-07 04:06:52,1,2616,VIRGINIA,EASTERN,INTERSTATE
2011,LNG,2,2,I,20120023,Y,2017-03-07 04:06:52,1,2392,INDIANA,CENTRAL,INTRASTATE
2011,LNG,1,1,I,20120024,N,2017-03-07 04:06:52,1,2704,NEW YORK,EASTERN,INTRASTATE
2011,LNG,3,3,I,20120025,Y,2017-03-07 04:06:52,1,1640,MASSACHUSETTS,EASTERN,INTRASTATE
2011,LNG,2,1,I,20120026,Y,2017-03-07 04:06:52,1,32206,TEXAS,SOUTHWEST,INTERSTATE
2011,LNG,1,1,I,20120027,Y,2017-03-07 04:06:52,1,31421,CONNECTICUT,EASTERN,INTERSTATE
2011,LNG,1,1,I,20120028,Y,2017-03-07 04:06:52,1,2700,CONNECTICUT,EASTERN,INTRASTATE
2011,LNG,3,2,I,20120029,N,2017-03-07 04:06:52,1,13730,INDIANA,CENTRAL,INTRASTATE
2011,LNG,1,1,I,20120030,Y,2017-03-07 04:06:52,1,22777,WISCONSIN,CENTRAL,INTRASTATE
2011,LNG,4,1,I,20120031,Y,2017-03-07 04:06:52,1,22763,WISCONSIN,CENTRAL,INTRASTATE
2011,LNG,2,1,I,20120032,N,2017-03-07 04:06:52,1,1344,MASSACHUSETTS,EASTERN,INTRASTATE
2011,LNG,1,1,I,20120033,Y,2017-03-07 04:06:52,1,31191,MONTANA,WESTERN,INTRASTATE
2011,LNG,1,1,I,20120034,Y,2017-03-07 04:06:52,1,13860,CONNECTICUT,EASTERN,INTRASTATE
2011,LNG,1,1,I,20120035,N,2017-03-07 04:06:52,1,13783,WISCONSIN,CENTRAL,INTRASTATE
2011,LNG,2,2,I,20120036,Y,2017-03-07 04:06:52,1,15518,NORTH CAROLINA,SOUTHERN,INTRASTATE
2011,LNG,1,1,I,20120036,Y,2017-03-07 04:06:52,1,15518,TENNESSEE,SOUTHERN,INTRASTATE
2011,LNG,3,2,I,20120037,N,2017-03-07 04:06:52,1,18408,SOUTH CAROLINA,SOUTHERN,INTRASTATE
2011,LNG,1,1,I,20120038,N,2017-03-07 04:06:52,1,12390,NEBRASKA,CENTRAL,INTRASTATE
2011,LNG,3,2,I,20120039,Y,2017-03-07 04:06:52,1,13299,NEW JERSEY,EASTERN,INTRASTATE
2011,LNG,1,2,I,20120040,Y,2017-03-07 04:06:52,1,12350,MINNESOTA,CENTRAL,INTRASTATE
2011,LNG,0,1,I,20120040,Y,2017-03-07 04:06:52,1,12350,TEXAS,SOUTHWEST,INTRASTATE
2011,LNG,3,1,I,20120041,Y,2017-03-07 04:06:52,1,7351,MASSACHUSETTS,EASTERN,INTERSTATE
2011,LNG,2,1,I,20120041,Y,2017-03-07 04:06:52,1,7351,MASSACHUSETTS,EASTERN,INTRASTATE
2011,LNG,2,1,I,20120042,N,2017-03-07 04:06:52,1,32640,MISSISSIPPI,SOUTHERN,INTERSTATE
2011,LNG,1,1,I,20120043,Y,2017-03-07 04:06:52,1,4070,TENNESSEE,SOUTHERN,INTERSTATE
2011,LNG,5,1,I,20120044,N,2017-03-07 04:06:52,1,32220,TEXAS,SOUTHWEST,INTERSTATE
2011,LNG,8,3,I,20120045,N,2017-03-07 04:06:52,1,99128,ALASKA,WESTERN,INTRASTATE
2011,LNG,1,1,I,20120046,Y,2017-03-07 04:06:52,1,3240,DELAWARE,EASTERN,INTRASTATE
2011,LNG,3,3,I,20120047,Y,2017-03-07 04:06:52,1,13840,OREGON,WESTERN,INTRASTATE
2011,LNG,4,2,I,20120048,N,2017-03-07 04:06:52,1,22189,WASHINGTON,WESTERN,INTRASTATE
2011,LNG,1,1,I,20120049,N,2017-03-07 04:06:52,1,15033,NEVADA,WESTERN,INTERSTATE
2011,LNG,1,1,I,20120050,Y,2017-03-07 04:06:52,1,24015,CONNECTICUT,EASTERN,INTRASTATE
2011,LNG,1,1,I,20120051,Y,2017-03-07 04:06:52,1,2604,VIRGINIA,EASTERN,INTRASTATE
2011,LNG,9,4,I,20120052,Y,2017-03-07 04:06:52,1,1209,MASSACHUSETTS,EASTERN,INTRASTATE
2011,LNG,4,1,I,20120053,N,2017-03-07 04:06:52,1,19733,LOUISIANA,SOUTHWEST,INTERSTATE
2011,LNG,4,3,I,20120054,N,2017-03-07 04:06:52,1,30750,IOWA,CENTRAL,INTRASTATE
2011,LNG,1,1,I,20120055,N,2017-03-07 04:06:52,1,20211,GEORGIA,SOUTHERN,INTRASTATE
2011,LNG,5,2,I,20120056,N,2017-03-07 04:06:52,1,1088,MARYLAND,EASTERN,INTRASTATE
2011,LNG,2,1,I,20120058,Y,2017-03-07 04:06:52,1,19570,NEW JERSEY,EASTERN,INTERSTATE
2011,LNG,2,1,I,20120058,Y,2017-03-07 04:06:52,1,19570,NORTH CAROLINA,SOUTHERN,INTERSTATE
2011,LNG,3,1,I,20120059,N,2017-03-07 04:06:52,1,32214,LOUISIANA,SOUTHWEST,INTERSTATE
2011,LNG,2,1,I,20120060,N,2017-03-07 04:06:52,1,31636,MINNESOTA,CENTRAL,INTRASTATE
2011,LNG,5,11,I,20120061,Y,2017-03-07 04:06:52,1,15007,CALIFORNIA,WESTERN,INTRASTATE
2011,LNG,1,1,I,20120062,Y,2017-03-07 04:06:52,1,17540,VIRGINIA,EASTERN,INTRASTATE
2011,LNG,2,1,I,20120063,N,2017-03-07 04:06:52,1,18112,CALIFORNIA,WESTERN,INTRASTATE
2011,LNG,5,1,I,20120064,N,2017-03-07 04:06:52,1,18490,GEORGIA,SOUTHERN,INTERSTATE
2011,LNG,2,1,I,20120065,Y,2017-03-07 04:06:52,1,3411,MASSACHUSETTS,EASTERN,INTERSTATE
2011,LNG,1,1,I,20120069,N,2017-03-07 04:06:52,1,12444,MASSACHUSETTS,EASTERN,INTRASTATE
2011,LNG,5,1,I,20120070,N,2017-03-07 04:06:52,1,32152,LOUISIANA,SOUTHWEST,INTERSTATE
2011,LNG,5,2,I,20120072,N,2017-03-07 04:06:52,1,31044,WYOMING,WESTERN,INTRASTATE
2011,LNG,4,1,I,20120074,Y,2017-03-07 04:06:52,1,6790,NORTH CAROLINA,SOUTHERN,INTRASTATE
2011,LNG,4,1,I,20120076,Y,2017-03-07 04:06:52,1,7330,MASSACHUSETTS,EASTERN,INTRASTATE
2011,LNG,1,1,I,20120077,N,2017-03-07 04:06:52,1,32561,PUERTO RICO,SOUTHERN,INTERSTATE
2011,LNG,1,1,I,20120078,Y,2017-03-07 04:06:52,1,12342,TENNESSEE,SOUTHERN,INTRASTATE
2011,LNG,3,1,I,20120079,Y,2017-03-07 04:06:52,1,15480,ALASKA,WESTERN,INTRASTATE
2011,LNG,1,1,I,20120080,N,2017-03-07 04:06:52,1,32648,ALABAMA,SOUTHERN,INTRASTATE
2011,LNG,2,1,I,20120082,N,2017-03-07 04:06:52,1,31337,ARIZONA,WESTERN,INTERSTATE
2011,LNG,3,2,I,20120083,Y,2017-03-07 04:06:52,1,15469,PENNSYLVANIA,EASTERN,INTRASTATE
2011,LNG,1,1,I,20120084,Y,2017-03-07 04:06:52,1,31770,MASSACHUSETTS,EASTERN,INTRASTATE
2011,LNG,1,1,I,20120086,Y,2017-03-07 04:06:52,1,15952,NEW JERSEY,EASTERN,INTRASTATE
2011,LNG,7,1,I,20120088,N,2017-03-07 04:06:52,1,31664,MARYLAND,EASTERN,INTERSTATE
2011,LNG,1,1,I,20120090,N,2017-03-07 04:06:52,1,38927,PENNSYLVANIA,EASTERN,INTERSTATE
2011,LNG,2,2,I,20130001,Y,2017-03-07 04:06:52,1,8160,IDAHO,WESTERN,INTRASTATE
2012,LNG,2,2,I,20130002,Y,2017-03-07 04:06:52,1,8160,IDAHO,WESTERN,INTRASTATE
2012,LNG,2,1,I,20130003,Y,2017-03-07 04:06:52,1,38927,PENNSYLVANIA,EASTERN,INTERSTATE
2012,LNG,2,1,I,20130004,N,2017-03-07 04:06:52,1,32496,ARIZONA,WESTERN,INTRASTATE
2012,LNG,1,1,I,20130005,N,2017-03-07 04:06:52,1,15462,PENNSYLVANIA,EASTERN,INTRASTATE
2012,LNG,2,1,I,20130006,Y,2017-03-07 04:06:52,1,15329,ILLINOIS,CENTRAL,INTRASTATE
2012,LNG,2,1,I,20130007,Y,2017-03-07 04:06:52,1,18112,CALIFORNIA,WESTERN,INTRASTATE
2012,LNG,6,4,I,20130008,Y,2017-03-07 04:06:52,1,180,ALABAMA,SOUTHERN,INTRASTATE
2012,LNG,1,1,I,20130009,N,2017-03-07 04:06:52,1,909,GEORGIA,SOUTHERN,INTRASTATE
2012,LNG,1,1,I,20130010,N,2017-03-07 04:06:52,1,630,ARKANSAS,SOUTHWEST,INTRASTATE
2012,LNG,1,1,I,20130011,Y,2017-03-07 04:06:52,1,2288,TENNESSEE,SOUTHERN,INTERSTATE
2012,LNG,2,1,I,20130012,N,2017-03-07 04:06:52,1,31337,ARIZONA,WESTERN,INTRASTATE
2012,LNG,1,1,I,20130013,Y,2017-03-07 04:06:52,1,4350,NEW JERSEY,EASTERN,INTRASTATE
2012,LNG,4,3,I,20130014,Y,2017-03-07 04:06:52,1,792,GEORGIA,SOUTHERN,INTRASTATE
2012,LNG,1,1,I,20130015,Y,2017-03-07 04:06:52,1,32648,ALABAMA,SOUTHERN,INTRASTATE
2012,LNG,1,1,I,20130016,Y,2017-03-07 04:06:52,1,2616,VIRGINIA,EASTERN,INTERSTATE
2012,LNG,1,1,I,20130017,Y,2017-03-07 04:06:52,1,13750,IOWA,CENTRAL,INTERSTATE
2012,LNG,1,1,I,20130017,Y,2017-03-07 04:06:52,1,13750,MINNESOTA,CENTRAL,INTERSTATE
2012,LNG,5,2,I,20130018,Y,2017-03-07 04:06:52,1,31044,WYOMING,WESTERN,INTRASTATE
2012,LNG,1,1,I,20130019,Y,2017-03-07 04:06:52,1,32561,PUERTO RICO,SOUTHERN,INTERSTATE
2012,LNG,2,1,I,20130020,Y,2017-03-07 04:06:52,1,32206,TEXAS,SOUTHWEST,INTERSTATE
2012,LNG,1,1,I,20130021,Y,2017-03-07 04:06:52,1,2704,NEW YORK,EASTERN,INTRASTATE
2012,LNG,3,1,I,20130022,N,2017-03-07 04:06:52,1,32214,LOUISIANA,SOUTHWEST,INTERSTATE
2012,LNG,7,1,I,20130023,N,2017-03-07 04:06:52,1,31664,MARYLAND,EASTERN,INTERSTATE
2012,LNG,1,1,I,20130024,Y,2017-03-07 04:06:52,1,31421,CONNECTICUT,EASTERN,INTERSTATE
2012,LNG,1,1,I,20130025,Y,2017-03-07 04:06:52,1,2700,CONNECTICUT,EASTERN,INTRASTATE
2012,LNG,2,1,I,20130026,N,2017-03-07 04:06:52,1,31636,MINNESOTA,CENTRAL,INTRASTATE
2012,LNG,2,2,I,20130027,Y,2017-03-07 04:06:52,1,2392,INDIANA,CENTRAL,INTRASTATE
2012,LNG,2,1,I,20130028,N,2017-03-07 04:06:52,1,1344,MASSACHUSETTS,EASTERN,INTRASTATE
2012,LNG,5,1,I,20130029,Y,2017-03-07 04:06:52,1,32220,TEXAS,SOUTHWEST,INTERSTATE
2012,LNG,3,1,I,20130030,N,2017-03-07 04:06:52,1,13795,MAINE,EASTERN,INTRASTATE
2012,LNG,1,1,I,20130031,Y,2017-03-07 04:06:52,1,5200,MASSACHUSETTS,EASTERN,INTRASTATE
2012,LNG,3,2,I,20130032,Y,2017-03-07 04:06:52,1,13730,INDIANA,CENTRAL,INTRASTATE
2012,LNG,4,1,I,20130033,Y,2017-03-07 04:06:52,1,6790,NORTH CAROLINA,SOUTHERN,INTRASTATE
2012,LNG,1,1,I,20130034,N,2017-03-07 04:06:52,1,13783,WISCONSIN,CENTRAL,INTRASTATE
2012,LNG,3,3,I,20130035,N,2017-03-07 04:06:52,1,13840,OREGON,WESTERN,INTRASTATE
2012,LNG,3,2,I,20130036,N,2017-03-07 04:06:52,1,18408,SOUTH CAROLINA,SOUTHERN,INTRASTATE
2012,LNG,1,1,I,20130037,N,2017-03-07 04:06:52,1,12350,MINNESOTA,CENTRAL,INTRASTATE
2012,LNG,1,1,I,20130038,Y,2017-03-07 04:06:52,1,31770,MASSACHUSETTS,EASTERN,INTRASTATE
2012,LNG,1,1,I,20130039,Y,2017-03-07 04:06:52,1,13860,CONNECTICUT,EASTERN,INTRASTATE
2012,LNG,1,1,I,20130040,Y,2017-03-07 04:06:52,1,31191,MONTANA,WESTERN,INTRASTATE
2012,LNG,4,3,I,20130041,N,2017-03-07 04:06:52,1,30750,IOWA,CENTRAL,INTRASTATE
2012,LNG,1,1,I,20130042,N,2017-03-07 04:06:52,1,2604,VIRGINIA,EASTERN,INTRASTATE
2012,LNG,9,4,I,20130043,Y,2017-03-07 04:06:52,1,1209,MASSACHUSETTS,EASTERN,INTRASTATE
2012,LNG,1,1,I,20130044,Y,2017-03-07 04:06:52,1,24015,CONNECTICUT,EASTERN,INTRASTATE
2012,LNG,3,1,I,20130045,Y,2017-03-07 04:06:52,1,7351,MASSACHUSETTS,EASTERN,INTERSTATE
2012,LNG,2,1,I,20130045,Y,2017-03-07 04:06:52,1,7351,MASSACHUSETTS,EASTERN,INTRASTATE
2012,LNG,1,1,I,20130046,Y,2017-03-07 04:06:52,1,12342,TENNESSEE,SOUTHERN,INTRASTATE
2012,LNG,2,1,I,20130047,N,2017-03-07 04:06:52,1,32684,NORTH CAROLINA,SOUTHERN,INTERSTATE
2012,LNG,2,1,I,20130048,Y,2017-03-07 04:06:52,1,19570,NEW JERSEY,EASTERN,INTERSTATE
2012,LNG,2,1,I,20130049,Y,2017-03-07 04:06:52,1,13845,WASHINGTON,WESTERN,INTERSTATE
2012,LNG,3,1,I,20130050,N,2017-03-07 04:06:52,1,15480,ALASKA,WESTERN,INTRASTATE
2012,LNG,3,3,I,20130051,Y,2017-03-07 04:06:52,1,1640,MASSACHUSETTS,EASTERN,INTRASTATE
2012,LNG,2,1,I,20130052,Y,2017-03-07 04:06:52,1,1800,NEW YORK,EASTERN,INTRASTATE
2012,LNG,3,2,I,20130053,Y,2017-03-07 04:06:52,1,2066,MASSACHUSETTS,EASTERN,INTRASTATE
2012,LNG,1,1,I,20130054,Y,2017-03-07 04:06:52,1,11713,NEW YORK,EASTERN,INTRASTATE
2012,LNG,1,1,I,20130055,Y,2017-03-07 04:06:52,1,4547,MASSACHUSETTS,EASTERN,INTRASTATE
2012,LNG,1,1,I,20130056,Y,2017-03-07 04:06:52,1,13480,RHODE ISLAND,EASTERN,INTERSTATE
2012,LNG,2,2,I,20130056,Y,2017-03-07 04:06:52,1,13480,RHODE ISLAND,EASTERN,INTRASTATE
2012,LNG,2,2,I,20130057,Y,2017-03-07 04:06:52,1,11856,MASSACHUSETTS,EASTERN,INTRASTATE
2012,LNG,4,2,I,20130058,N,2017-03-07 04:06:52,1,22189,WASHINGTON,WESTERN,INTRASTATE
2012,LNG,1,1,I,20130059,Y,2017-03-07 04:06:52,1,15938,NORTH CAROLINA,SOUTHERN,INTRASTATE
2012,LNG,4,1,I,20130060,Y,2017-03-07 04:06:52,1,22763,WISCONSIN,CENTRAL,INTRASTATE
2012,LNG,1,1,I,20130061,Y,2017-03-07 04:06:52,1,22777,WISCONSIN,CENTRAL,INTRASTATE
2012,LNG,2,2,I,20130062,Y,2017-03-07 04:06:52,1,15518,NORTH CAROLINA,SOUTHERN,INTRASTATE
2012,LNG,1,1,I,20130062,Y,2017-03-07 04:06:52,1,15518,TENNESSEE,SOUTHERN,INTRASTATE
2012,LNG,1,1,I,20130063,N,2017-03-07 04:06:52,1,12390,NEBRASKA,CENTRAL,INTRASTATE
2012,LNG,1,1,I,20130064,Y,2017-03-07 04:06:52,1,17540,VIRGINIA,EASTERN,INTRASTATE
2012,LNG,1,1,I,20130065,Y,2017-03-07 04:06:52,1,18440,NEW JERSEY,EASTERN,INTRASTATE
2012,LNG,1,1,I,20130067,N,2017-03-07 04:06:52,1,20211,GEORGIA,SOUTHERN,INTRASTATE
2012,LNG,8,3,I,20130068,N,2017-03-07 04:06:52,1,99128,ALASKA,WESTERN,INTRASTATE
2012,LNG,2,1,I,20130069,Y,2017-03-07 04:06:52,1,32640,MISSISSIPPI,SOUTHERN,INTERSTATE
2012,LNG,1,1,I,20130070,Y,2017-03-07 04:06:52,1,3240,DELAWARE,EASTERN,INTRASTATE
2012,LNG,4,1,I,20130071,Y,2017-03-07 04:06:52,1,19733,LOUISIANA,SOUTHWEST,INTERSTATE
2012,LNG,5,2,I,20130072,N,2017-03-07 04:06:52,1,1088,MARYLAND,EASTERN,INTRASTATE
2012,LNG,1,1,I,20130073,Y,2017-03-07 04:06:52,1,15033,NEVADA,WESTERN,INTERSTATE
2012,LNG,5,1,I,20130074,Y,2017-03-07 04:06:52,1,18490,GEORGIA,SOUTHERN,INTERSTATE
2012,LNG,4,1,I,20130075,Y,2017-03-07 04:06:52,1,7330,MASSACHUSETTS,EASTERN,INTRASTATE
2012,LNG,7,14,I,20130076,Y,2017-03-07 04:06:52,1,15007,CALIFORNIA,WESTERN,INTRASTATE
2012,LNG,3,3,I,20130077,Y,2017-03-07 04:06:52,1,16667,NEW HAMPSHIRE,EASTERN,INTRASTATE
2012,LNG,2,1,I,20130078,Y,2017-03-07 04:06:52,1,3411,MASSACHUSETTS,EASTERN,INTERSTATE
2012,LNG,1,1,I,20130079,N,2017-03-07 04:06:52,1,12444,MASSACHUSETTS,EASTERN,INTRASTATE
2012,LNG,1,1,I,20130080,Y,2017-03-07 04:06:52,1,15952,NEW JERSEY,EASTERN,INTRASTATE
2012,LNG,1,1,I,20130081,Y,2017-03-07 04:06:52,1,4070,TENNESSEE,SOUTHERN,INTERSTATE
2012,LNG,3,2,I,20130082,Y,2017-03-07 04:06:52,1,15469,PENNSYLVANIA,EASTERN,INTRASTATE
2012,LNG,3,2,I,20130083,Y,2017-03-07 04:06:52,1,13299,NEW JERSEY,EASTERN,INTRASTATE
2012,LNG,5,1,I,20130084,N,2017-03-07 04:06:52,1,32152,LOUISIANA,SOUTHWEST,INTERSTATE
2013,LNG,2,1,I,20140085,N,2017-03-07 04:06:52,1,31337,ARIZONA,WESTERN,INTERSTATE
2013,LNG,1,1,I,20140086,N,2017-03-07 04:06:52,1,39053,INDIANA,CENTRAL,INTRASTATE
2013,LNG,1,1,I,20140087,Y,2017-03-07 04:06:52,1,32561,PUERTO RICO,SOUTHERN,INTERSTATE
2013,LNG,2,1,I,20140088,Y,2017-03-07 04:06:52,1,19570,NEW JERSEY,EASTERN,INTERSTATE
2013,LNG,2,1,I,20140089,N,2017-03-07 04:06:52,1,1344,MASSACHUSETTS,EASTERN,INTRASTATE
2013,LNG,2,1,I,20140090,Y,2017-03-07 04:06:52,1,32206,TEXAS,SOUTHWEST,INTERSTATE
2013,LNG,1,1,I,20140091,N,2017-03-07 04:06:52,1,12390,NEBRASKA,CENTRAL,INTRASTATE
2013,LNG,2,1,I,20140092,Y,2017-03-07 04:06:52,1,32684,NORTH CAROLINA,SOUTHERN,INTERSTATE
2013,LNG,2,2,I,20140093,N,2017-03-07 04:06:52,1,8160,IDAHO,WESTERN,INTRASTATE
2013,LNG,2,1,I,20140094,Y,2017-03-07 04:06:52,1,32496,ARIZONA,WESTERN,INTRASTATE
2013,LNG,7,1,I,20140095,Y,2017-03-07 04:06:52,1,31664,MARYLAND,EASTERN,INTERSTATE
2013,LNG,1,1,I,20140096,Y,2017-03-07 04:06:52,1,2616,VIRGINIA,EASTERN,INTERSTATE
2013,LNG,1,1,I,20140097,Y,2017-03-07 04:06:52,1,32648,ALABAMA,SOUTHERN,INTRASTATE
2013,LNG,1,1,I,20140098,Y,2017-03-07 04:06:52,1,2288,TENNESSEE,SOUTHERN,INTERSTATE
2013,LNG,1,1,I,20140099,Y,2017-03-07 04:06:52,1,4350,NEW JERSEY,EASTERN,INTRASTATE
2013,LNG,4,3,I,20140100,Y,2017-03-07 04:06:52,1,792,GEORGIA,SOUTHERN,INTRASTATE
2013,LNG,1,1,I,20140101,Y,2017-03-07 04:06:52,1,15938,NORTH CAROLINA,SOUTHERN,INTRASTATE
2013,LNG,1,1,I,20140102,Y,2017-03-07 04:06:52,1,2700,CONNECTICUT,EASTERN,INTRASTATE
2013,LNG,9,4,I,20140103,Y,2017-03-07 04:06:52,1,1209,MASSACHUSETTS,EASTERN,INTRASTATE
2013,LNG,1,1,I,20140104,Y,2017-03-07 04:06:52,1,2604,VIRGINIA,EASTERN,INTRASTATE
2013,LNG,3,2,I,20140105,N,2017-03-07 04:06:52,1,18408,SOUTH CAROLINA,SOUTHERN,INTRASTATE
2013,LNG,5,1,I,20140106,Y,2017-03-07 04:06:52,1,32220,TEXAS,SOUTHWEST,INTERSTATE
2013,LNG,2,1,I,20140107,N,2017-03-07 04:06:52,1,15329,ILLINOIS,CENTRAL,INTRASTATE
2013,LNG,1,1,I,20140108,Y,2017-03-07 04:06:52,1,31421,CONNECTICUT,EASTERN,INTERSTATE
2013,LNG,1,1,I,20140109,Y,2017-03-07 04:06:52,1,13860,CONNECTICUT,EASTERN,INTRASTATE
2013,LNG,3,3,I,20140110,Y,2017-03-07 04:06:52,1,13840,OREGON,WESTERN,INTRASTATE
2013,LNG,1,1,I,20140111,N,2017-03-07 04:06:52,1,909,GEORGIA,SOUTHERN,INTRASTATE
2013,LNG,3,3,I,20140112,Y,2017-03-07 04:06:52,1,16667,NEW HAMPSHIRE,EASTERN,INTRASTATE
2013,LNG,3,1,I,20140113,N,2017-03-07 04:06:52,1,32214,LOUISIANA,SOUTHWEST,INTERSTATE
2013,LNG,6,2,I,20140114,Y,2017-03-07 04:06:52,1,15480,ALASKA,WESTERN,INTRASTATE
2013,LNG,5,2,I,20140115,Y,2017-03-07 04:06:52,1,31044,WYOMING,WESTERN,INTRASTATE
2013,LNG,4,1,I,20140116,Y,2017-03-07 04:06:52,1,6790,NORTH CAROLINA,SOUTHERN,INTRASTATE
2013,LNG,5,1,I,20140117,N,2017-03-07 04:06:52,1,32152,LOUISIANA,SOUTHWEST,INTERSTATE
2013,LNG,1,2,I,20140118,Y,2017-03-07 04:06:52,1,12350,MINNESOTA,CENTRAL,INTRASTATE
2013,LNG,0,1,I,20140118,Y,2017-03-07 04:06:52,1,12350,TEXAS,SOUTHWEST,INTRASTATE
2013,LNG,1,1,I,20140119,Y,2017-03-07 04:06:52,1,31770,MASSACHUSETTS,EASTERN,INTRASTATE
2013,LNG,3,2,I,20140120,Y,2017-03-07 04:06:52,1,13299,NEW JERSEY,EASTERN,INTRASTATE
2013,LNG,1,1,I,20140121,Y,2017-03-07 04:06:52,1,24015,CONNECTICUT,EASTERN,INTRASTATE
2013,LNG,1,1,I,20140122,N,2017-03-07 04:06:52,1,13480,RHODE ISLAND,EASTERN,INTERSTATE
2013,LNG,2,2,I,20140122,N,2017-03-07 04:06:52,1,13480,RHODE ISLAND,EASTERN,INTRASTATE
2013,LNG,2,2,I,20140123,N,2017-03-07 04:06:52,1,11856,MASSACHUSETTS,EASTERN,INTRASTATE
2013,LNG,1,1,I,20140124,N,2017-03-07 04:06:52,1,11713,NEW YORK,EASTERN,INTRASTATE
2013,LNG,1,1,I,20140125,N,2017-03-07 04:06:52,1,4547,MASSACHUSETTS,EASTERN,INTRASTATE
2013,LNG,3,2,I,20140126,N,2017-03-07 04:06:52,1,2066,MASSACHUSETTS,EASTERN,INTRASTATE
2013,LNG,2,1,I,20140127,N,2017-03-07 04:06:52,1,1800,NEW YORK,EASTERN,INTRASTATE
2013,LNG,3,3,I,20140128,Y,2017-03-07 04:06:52,1,1640,MASSACHUSETTS,EASTERN,INTRASTATE
2013,LNG,2,1,I,20140129,Y,2017-03-07 04:06:52,1,32640,MISSISSIPPI,SOUTHERN,INTERSTATE
2013,LNG,1,1,I,20140130,Y,2017-03-07 04:06:52,1,31191,MONTANA,WESTERN,INTRASTATE
2013,LNG,1,1,I,20140131,Y,2017-03-07 04:06:52,1,12342,TENNESSEE,SOUTHERN,INTRASTATE
2013,LNG,1,1,I,20140132,Y,2017-03-07 04:06:52,1,3240,DELAWARE,EASTERN,INTRASTATE
2013,LNG,1,1,I,20140133,Y,2017-03-07 04:06:52,1,2704,NEW YORK,EASTERN,INTRASTATE
2013,LNG,1,1,I,20140134,Y,2017-03-07 04:06:52,1,18440,NEW JERSEY,EASTERN,INTRASTATE
2013,LNG,2,2,I,20140135,Y,2017-03-07 04:06:52,1,15518,NORTH CAROLINA,SOUTHERN,INTRASTATE
2013,LNG,1,1,I,20140135,Y,2017-03-07 04:06:52,1,15518,TENNESSEE,SOUTHERN,INTRASTATE
2013,LNG,2,1,I,20140136,Y,2017-03-07 04:06:52,1,38927,PENNSYLVANIA,EASTERN,INTERSTATE
2013,LNG,1,1,I,20140137,Y,2017-03-07 04:06:52,1,2392,INDIANA,CENTRAL,INTRASTATE
2013,LNG,1,1,I,20140138,Y,2017-03-07 04:06:52,1,15033,NEVADA,WESTERN,INTERSTATE
2013,LNG,4,1,I,20140139,Y,2017-03-07 04:06:52,1,22763,WISCONSIN,CENTRAL,INTRASTATE
2013,LNG,1,1,I,20140140,Y,2017-03-07 04:06:52,1,22777,WISCONSIN,CENTRAL,INTRASTATE
2013,LNG,3,2,I,20140141,Y,2017-03-07 04:06:52,1,15469,PENNSYLVANIA,EASTERN,INTRASTATE
2013,LNG,2,1,I,20140142,Y,2017-03-07 04:06:52,1,18112,CALIFORNIA,WESTERN,INTRASTATE
2013,LNG,1,1,I,20140143,Y,2017-03-07 04:06:52,1,17540,VIRGINIA,EASTERN,INTRASTATE
2013,LNG,1,1,I,20140144,Y,2017-03-07 04:06:52,1,5200,MASSACHUSETTS,EASTERN,INTRASTATE
2013,LNG,1,1,I,20140145,N,2017-03-07 04:06:52,1,630,ARKANSAS,SOUTHWEST,INTRASTATE
2013,LNG,1,1,I,20140146,N,2017-03-07 04:06:52,1,13783,WISCONSIN,CENTRAL,INTRASTATE
2013,LNG,1,1,I,20140147,Y,2017-03-07 04:06:52,1,4070,TENNESSEE,SOUTHERN,INTERSTATE
2013,LNG,2,1,I,20140148,Y,2017-03-07 04:06:52,1,3411,MASSACHUSETTS,EASTERN,INTERSTATE
2013,LNG,4,3,I,20140149,N,2017-03-07 04:06:52,1,30750,IOWA,CENTRAL,INTRASTATE
2013,LNG,4,2,I,20140150,N,2017-03-07 04:06:52,1,22189,WASHINGTON,WESTERN,INTRASTATE
2013,LNG,8,3,I,20140151,Y,2017-03-07 04:06:52,1,99128,ALASKA,WESTERN,INTRASTATE
2013,LNG,3,1,I,20140152,Y,2017-03-07 04:06:52,1,13795,MAINE,EASTERN,INTRASTATE
2013,LNG,5,2,I,20140153,Y,2017-03-07 04:06:52,1,7351,MASSACHUSETTS,EASTERN,INTRASTATE
2013,LNG,1,1,I,20140154,Y,2017-03-07 04:06:52,1,15952,NEW JERSEY,EASTERN,INTRASTATE
2013,LNG,2,1,I,20140155,Y,2017-03-07 04:06:52,1,13730,INDIANA,CENTRAL,INTRASTATE
2013,LNG,2,1,I,20140156,N,2017-03-07 04:06:52,1,31636,MINNESOTA,CENTRAL,INTRASTATE
2013,LNG,1,1,I,20140157,Y,2017-03-07 04:06:52,1,13750,IOWA,CENTRAL,INTERSTATE
2013,LNG,1,1,I,20140157,Y,2017-03-07 04:06:52,1,13750,MINNESOTA,CENTRAL,INTERSTATE
2013,LNG,5,2,I,20140158,N,2017-03-07 04:06:52,1,1088,MARYLAND,EASTERN,INTRASTATE
2013,LNG,4,1,I,20140159,Y,2017-03-07 04:06:52,1,19733,LOUISIANA,SOUTHWEST,INTERSTATE
2013,LNG,1,1,I,20140160,Y,2017-03-07 04:06:52,1,20211,GEORGIA,SOUTHERN,INTRASTATE
2013,LNG,2,1,I,20140161,N,2017-03-07 04:06:52,1,39054,WASHINGTON,WESTERN,INTERSTATE
2013,LNG,8,1,I,20140162,Y,2017-03-07 04:06:52,1,15007,CALIFORNIA,WESTERN,INTRASTATE
2013,LNG,4,1,I,20140163,Y,2017-03-07 04:06:52,1,7330,MASSACHUSETTS,EASTERN,INTRASTATE
2013,LNG,1,1,I,20140164,N,2017-03-07 04:06:52,1,15462,PENNSYLVANIA,EASTERN,INTRASTATE
2013,LNG,6,4,I,20140165,Y,2017-03-07 04:06:52,1,180,ALABAMA,SOUTHERN,INTRASTATE
2013,LNG,1,1,I,20140166,Y,2017-03-07 04:06:52,1,12444,MASSACHUSETTS,EASTERN,INTRASTATE
2013,LNG,5,1,I,20140167,Y,2017-03-07 04:06:52,1,18490,GEORGIA,SOUTHERN,INTERSTATE
2014,LNG,4,1,I,20150169,N,2017-03-07 04:06:52,1,31337,ARIZONA,WESTERN,INTRASTATE
2014,LNG,2,1,I,20150170,N,2017-03-07 04:06:52,1,32496,ARIZONA,WESTERN,INTRASTATE
2014,LNG,1,1,I,20150171,N,2017-03-07 04:06:52,1,15462,PENNSYLVANIA,EASTERN,INTRASTATE
2014,LNG,1,1,I,20150172,N,2017-03-07 04:06:52,1,12444,MASSACHUSETTS,EASTERN,INTRASTATE
2014,LNG,6,2,I,20150173,N,2017-03-07 04:06:52,1,15480,ALASKA,WESTERN,INTRASTATE
2014,LNG,1,1,I,20150175,N,2017-03-07 04:06:52,1,32561,PUERTO RICO,SOUTHERN,INTERSTATE
2014,LNG,1,1,I,20150176,N,2017-03-07 04:06:52,1,2288,TENNESSEE,SOUTHERN,INTERSTATE
2014,LNG,1,1,I,20150177,N,2017-03-07 04:06:52,1,32648,ALABAMA,SOUTHERN,INTRASTATE
2014,LNG,4,3,I,20150178,N,2017-03-07 04:06:52,1,792,GEORGIA,SOUTHERN,INTRASTATE
2014,LNG,1,1,I,20150179,N,2017-03-07 04:06:52,1,4350,NEW JERSEY,EASTERN,INTRASTATE
2014,LNG,2,1,I,20150180,N,2017-03-07 04:06:52,1,32206,TEXAS,SOUTHWEST,INTERSTATE
2014,LNG,3,3,I,20150181,N,2017-03-07 04:06:52,1,16667,NEW HAMPSHIRE,EASTERN,INTRASTATE
2014,LNG,1,1,I,20150182,N,2017-03-07 04:06:52,1,2616,VIRGINIA,EASTERN,INTERSTATE
2014,LNG,2,2,I,20150183,N,2017-03-07 04:06:52,1,8160,IDAHO,WESTERN,INTRASTATE
2014,LNG,1,1,I,20150184,N,2017-03-07 04:06:52,1,630,ARKANSAS,SOUTHWEST,INTRASTATE
2014,LNG,3,1,I,20150185,N,2017-03-07 04:06:52,1,32214,LOUISIANA,SOUTHWEST,INTERSTATE
2014,LNG,3,2,I,20150186,N,2017-03-07 04:06:52,1,15469,PENNSYLVANIA,EASTERN,INTRASTATE
2014,LNG,2,1,I,20150187,N,2017-03-07 04:06:52,1,19570,NEW JERSEY,EASTERN,INTERSTATE
2014,LNG,1,1,I,20150188,N,2017-03-07 04:06:52,1,2704,NEW YORK,EASTERN,INTRASTATE
2014,LNG,1,1,I,20150189,N,2017-03-07 04:06:52,1,909,GEORGIA,SOUTHERN,INTRASTATE
2014,LNG,1,1,I,20150190,N,2017-03-07 04:06:52,1,24015,CONNECTICUT,EASTERN,INTRASTATE
2014,LNG,3,1,I,20150191,N,2017-03-07 04:06:52,1,13795,MAINE,EASTERN,INTRASTATE
2014,LNG,1,1,I,20150192,N,2017-03-07 04:06:52,1,5200,MASSACHUSETTS,EASTERN,INTRASTATE
2014,LNG,1,1,I,20150193,N,2017-03-07 04:06:52,1,13480,RHODE ISLAND,EASTERN,INTERSTATE
2014,LNG,2,2,I,20150193,N,2017-03-07 04:06:52,1,13480,RHODE ISLAND,EASTERN,INTRASTATE
2014,LNG,3,2,I,20150194,N,2017-03-07 04:06:52,1,2066,MASSACHUSETTS,EASTERN,INTRASTATE
2014,LNG,1,1,I,20150195,N,2017-03-07 04:06:52,1,4547,MASSACHUSETTS,EASTERN,INTRASTATE
2014,LNG,1,11,I,20150196,N,2017-03-07 04:06:52,1,11856,MASSACHUSETTS,EASTERN,INTRASTATE
2014,LNG,3,3,I,20150197,N,2017-03-07 04:06:52,1,1640,MASSACHUSETTS,EASTERN,INTRASTATE
2014,LNG,5,1,I,20150198,N,2017-03-07 04:06:52,1,32220,TEXAS,SOUTHWEST,INTERSTATE
2014,LNG,1,1,I,20150199,N,2017-03-07 04:06:52,1,31421,CONNECTICUT,EASTERN,INTERSTATE
2014,LNG,6,4,I,20150200,N,2017-03-07 04:06:52,1,180,ALABAMA,SOUTHERN,INTRASTATE
2014,LNG,2,2,I,20150201,N,2017-03-07 04:06:52,1,13840,OREGON,WESTERN,INTRASTATE
2014,LNG,1,1,I,20150202,N,2017-03-07 04:06:52,1,2392,INDIANA,CENTRAL,INTRASTATE
2014,LNG,1,1,I,20150203,N,2017-03-07 04:06:52,1,13783,WISCONSIN,CENTRAL,INTRASTATE
2014,LNG,1,3,I,20150204,N,2017-03-07 04:06:52,1,12350,MINNESOTA,CENTRAL,INTRASTATE
2014,LNG,5,2,I,20150205,N,2017-03-07 04:06:52,1,31044,WYOMING,WESTERN,INTRASTATE
2014,LNG,7,1,I,20150206,N,2017-03-07 04:06:52,1,31664,MARYLAND,EASTERN,INTERSTATE
2014,LNG,2,2,I,20150207,N,2017-03-07 04:06:52,1,15518,NORTH CAROLINA,SOUTHERN,INTRASTATE
2014,LNG,1,1,I,20150207,N,2017-03-07 04:06:52,1,15518,TENNESSEE,SOUTHERN,INTRASTATE
2014,LNG,2,1,I,20150208,N,2017-03-07 04:06:52,1,18112,CALIFORNIA,WESTERN,INTRASTATE
2014,LNG,3,2,I,20150209,N,2017-03-07 04:06:52,1,18408,SOUTH CAROLINA,SOUTHERN,INTRASTATE
2014,LNG,1,1,I,20150210,N,2017-03-07 04:06:52,1,31770,MASSACHUSETTS,EASTERN,INTRASTATE
2014,LNG,4,3,I,20150211,N,2017-03-07 04:06:52,1,30750,IOWA,CENTRAL,INTRASTATE
2014,LNG,1,1,I,20150212,N,2017-03-07 04:06:52,1,2700,CONNECTICUT,EASTERN,INTRASTATE
2014,LNG,2,1,I,20150213,N,2017-03-07 04:06:52,1,1344,MASSACHUSETTS,EASTERN,INTRASTATE
2014,LNG,1,1,I,20150214,N,2017-03-07 04:06:52,1,11713,NEW YORK,EASTERN,INTRASTATE
2014,LNG,2,1,I,20150215,N,2017-03-07 04:06:52,1,1800,NEW YORK,EASTERN,INTRASTATE
2014,LNG,1,1,I,20150216,N,2017-03-07 04:06:52,1,12390,NEBRASKA,CENTRAL,INTRASTATE
2014,LNG,1,1,I,20150217,N,2017-03-07 04:06:52,1,12342,TENNESSEE,SOUTHERN,INTRASTATE
2014,LNG,1,1,I,20150218,N,2017-03-07 04:06:52,1,18440,NEW JERSEY,EASTERN,INTRASTATE
2014,LNG,1,1,I,20150219,N,2017-03-07 04:06:52,1,22777,WISCONSIN,CENTRAL,INTRASTATE
2014,LNG,4,1,I,20150220,N,2017-03-07 04:06:52,1,22763,WISCONSIN,CENTRAL,INTRASTATE
2014,LNG,2,1,I,20150221,N,2017-03-07 04:06:52,1,15329,ILLINOIS,CENTRAL,INTRASTATE
2014,LNG,5,2,I,20150222,N,2017-03-07 04:06:52,1,1088,MARYLAND,EASTERN,INTRASTATE
2014,LNG,2,1,I,20150223,N,2017-03-07 04:06:52,1,32640,MISSISSIPPI,SOUTHERN,INTERSTATE
2014,LNG,2,1,I,20150224,N,2017-03-07 04:06:52,1,3411,MASSACHUSETTS,EASTERN,INTERSTATE
2014,LNG,4,1,I,20150225,N,2017-03-07 04:06:52,1,6790,NORTH CAROLINA,SOUTHERN,INTRASTATE
2014,LNG,11,1,I,20150226,N,2017-03-07 04:06:52,1,15007,CALIFORNIA,WESTERN,INTRASTATE
2014,LNG,1,1,I,20150227,N,2017-03-07 04:06:52,1,2604,VIRGINIA,EASTERN,INTRASTATE
2014,LNG,9,4,I,20150228,N,2017-03-07 04:06:52,1,1209,MASSACHUSETTS,EASTERN,INTRASTATE
2014,LNG,3,2,I,20150229,N,2017-03-07 04:06:52,1,13299,NEW JERSEY,EASTERN,INTRASTATE
2014,LNG,2,1,I,20150230,N,2017-03-07 04:06:52,1,31636,MINNESOTA,CENTRAL,INTRASTATE
2014,LNG,1,1,I,20150231,N,2017-03-07 04:06:52,1,17540,VIRGINIA,EASTERN,INTRASTATE
2014,LNG,1,1,I,20150232,N,2017-03-07 04:06:52,1,13750,IOWA,CENTRAL,INTERSTATE
2014,LNG,1,1,I,20150232,N,2017-03-07 04:06:52,1,13750,MINNESOTA,CENTRAL,INTERSTATE
2014,LNG,2,1,I,20150233,N,2017-03-07 04:06:52,1,32684,NORTH CAROLINA,SOUTHERN,INTERSTATE
2014,LNG,5,1,I,20150234,N,2017-03-07 04:06:52,1,18490,GEORGIA,SOUTHERN,INTERSTATE
2014,LNG,5,1,I,20150235,N,2017-03-07 04:06:52,1,32152,LOUISIANA,SOUTHWEST,INTERSTATE
2014,LNG,2,1,I,20150236,N,2017-03-07 04:06:52,1,13730,INDIANA,CENTRAL,INTRASTATE
2014,LNG,4,1,I,20150237,N,2017-03-07 04:06:52,1,7330,MASSACHUSETTS,EASTERN,INTRASTATE
2014,LNG,4,1,I,20150238,N,2017-03-07 04:06:52,1,19733,LOUISIANA,SOUTHWEST,INTERSTATE
2014,LNG,2,1,I,20150239,N,2017-03-07 04:06:52,1,39054,WASHINGTON,WESTERN,INTERSTATE
2014,LNG,1,1,I,20150240,N,2017-03-07 04:06:52,1,3240,DELAWARE,EASTERN,INTRASTATE
2014,LNG,1,1,I,20150241,N,2017-03-07 04:06:52,1,4070,TENNESSEE,SOUTHERN,INTERSTATE
2014,LNG,4,2,I,20150242,N,2017-03-07 04:06:52,1,22189,WASHINGTON,WESTERN,INTRASTATE
2014,LNG,1,1,I,20150243,N,2017-03-07 04:06:52,1,15952,NEW JERSEY,EASTERN,INTRASTATE
2014,LNG,1,1,I,20150244,N,2017-03-07 04:06:52,1,15938,NORTH CAROLINA,SOUTHERN,INTRASTATE
2014,LNG,1,1,I,20150245,N,2017-03-07 04:06:52,1,15033,NEVADA,WESTERN,INTERSTATE
2014,LNG,1,1,I,20150246,N,2017-03-07 04:06:52,1,31191,MONTANA,WESTERN,INTRASTATE
2014,LNG,8,2,I,20150247,N,2017-03-07 04:06:52,1,99128,ALASKA,WESTERN,INTRASTATE
2014,LNG,3,1,I,20150248,N,2017-03-07 04:06:52,1,7351,MASSACHUSETTS,EASTERN,INTERSTATE
2014,LNG,2,1,I,20150248,N,2017-03-07 04:06:52,1,7351,MASSACHUSETTS,EASTERN,INTRASTATE
2014,LNG,1,1,I,20150249,N,2017-03-07 04:06:52,1,13860,CONNECTICUT,EASTERN,INTRASTATE
2014,LNG,0,1,I,20150250,N,2017-03-07 04:06:52,1,39092,ALASKA,WESTERN,INTRASTATE
2014,LNG,2,1,I,20150251,N,2017-03-07 04:06:52,1,38927,PENNSYLVANIA,EASTERN,INTERSTATE
2014,LNG,1,1,I,20150252,N,2017-03-07 04:06:52,1,39053,INDIANA,CENTRAL,INTRASTATE
2015,LNG,4,1,I,20160253,N,2017-03-07 04:06:52,1,31337,ARIZONA,WESTERN,INTRASTATE
2015,LNG,2,1,I,20160254,N,2017-03-07 04:06:52,1,32496,ARIZONA,WESTERN,INTRASTATE
2015,LNG,2,1,I,20160255,N,2017-03-07 04:06:52,1,19570,NEW JERSEY,EASTERN,INTERSTATE
2015,LNG,1,1,I,20160256,N,2017-03-07 04:06:52,1,39053,INDIANA,CENTRAL,INTRASTATE
2015,LNG,3,3,I,20160257,N,2017-03-07 04:06:52,1,16667,NEW HAMPSHIRE,EASTERN,INTRASTATE
2015,LNG,1,1,I,20160258,N,2017-03-07 04:06:52,1,31770,MASSACHUSETTS,EASTERN,INTRASTATE
2015,LNG,1,1,I,20160259,N,2017-03-07 04:06:52,1,15462,PENNSYLVANIA,EASTERN,INTRASTATE
2015,LNG,1,1,I,20160260,N,2017-03-07 04:06:52,1,12444,MASSACHUSETTS,EASTERN,INTRASTATE
2015,LNG,1,1,I,20160261,N,2017-03-07 04:06:52,1,909,GEORGIA,SOUTHERN,INTRASTATE
2015,LNG,2,1,I,20160262,N,2017-03-07 04:06:52,1,32684,NORTH CAROLINA,SOUTHERN,INTERSTATE
2015,LNG,4,3,I,20160263,N,2017-03-07 04:06:52,1,792,GEORGIA,SOUTHERN,INTRASTATE
2015,LNG,1,1,I,20160264,N,2017-03-07 04:06:52,1,2288,TENNESSEE,SOUTHERN,INTERSTATE
2015,LNG,1,1,I,20160265,N,2017-03-07 04:06:52,1,32648,ALABAMA,SOUTHERN,INTRASTATE
2015,LNG,1,1,I,20160266,N,2017-03-07 04:06:52,1,4350,NEW JERSEY,EASTERN,INTRASTATE
2015,LNG,2,1,I,20160267,N,2017-03-07 04:06:52,1,18112,CALIFORNIA,WESTERN,INTRASTATE
2015,LNG,2,1,I,20160268,N,2017-03-07 04:06:52,1,38927,PENNSYLVANIA,EASTERN,INTERSTATE
2015,LNG,5,1,I,20160269,N,2017-03-07 04:06:52,1,32220,TEXAS,SOUTHWEST,INTERSTATE
2015,LNG,3,1,I,20160270,N,2017-03-07 04:06:52,1,15480,ALASKA,WESTERN,INTRASTATE
2015,LNG,1,1,I,20160271,N,2017-03-07 04:06:52,1,2616,VIRGINIA,EASTERN,INTERSTATE
2015,LNG,3,2,I,20160272,N,2017-03-07 04:06:52,1,15469,PENNSYLVANIA,EASTERN,INTRASTATE
2015,LNG,1,1,I,20160273,N,2017-03-07 04:06:52,1,32561,PUERTO RICO,SOUTHERN,INTERSTATE
2015,LNG,1,1,I,20160274,N,2017-03-07 04:06:52,1,2700,CONNECTICUT,EASTERN,INTRASTATE
2015,LNG,3,1,I,20160275,N,2017-03-07 04:06:52,1,7351,MASSACHUSETTS,EASTERN,INTERSTATE
2015,LNG,2,1,I,20160275,N,2017-03-07 04:06:52,1,7351,MASSACHUSETTS,EASTERN,INTRASTATE
2015,LNG,1,1,I,20160276,N,2017-03-07 04:06:52,1,4547,MASSACHUSETTS,EASTERN,INTRASTATE
2015,LNG,3,2,I,20160277,N,2017-03-07 04:06:52,1,2066,MASSACHUSETTS,EASTERN,INTRASTATE
2015,LNG,2,1,I,20160278,N,2017-03-07 04:06:52,1,1800,NEW YORK,EASTERN,INTRASTATE
2015,LNG,1,1,I,20160279,N,2017-03-07 04:06:52,1,13480,RHODE ISLAND,EASTERN,INTERSTATE
2015,LNG,2,2,I,20160279,N,2017-03-07 04:06:52,1,13480,RHODE ISLAND,EASTERN,INTRASTATE
2015,LNG,3,1,I,20160280,N,2017-03-07 04:06:52,1,13795,MAINE,EASTERN,INTRASTATE
2015,LNG,1,1,I,20160281,N,2017-03-07 04:06:52,1,5200,MASSACHUSETTS,EASTERN,INTRASTATE
2015,LNG,2,1,I,20160282,N,2017-03-07 04:06:52,1,15329,ILLINOIS,CENTRAL,INTRASTATE
2015,LNG,3,1,I,20160283,N,2017-03-07 04:06:52,1,32214,LOUISIANA,SOUTHWEST,INTERSTATE
2015,LNG,1,1,I,20160284,N,2017-03-07 04:06:52,1,24015,CONNECTICUT,EASTERN,INTRASTATE
2015,LNG,1,1,I,20160285,N,2017-03-07 04:06:52,1,31421,CONNECTICUT,EASTERN,INTERSTATE
2015,LNG,7,1,I,20160286,N,2017-03-07 04:06:52,1,31664,MARYLAND,EASTERN,INTERSTATE
2015,LNG,2,2,I,20160287,N,2017-03-07 04:06:52,1,2392,INDIANA,CENTRAL,INTRASTATE
2015,LNG,1,1,I,20160288,N,2017-03-07 04:06:52,1,13860,CONNECTICUT,EASTERN,INTRASTATE
2015,LNG,2,2,I,20160289,N,2017-03-07 04:06:52,1,8160,IDAHO,WESTERN,INTRASTATE
2015,LNG,8,2,I,20160290,N,2017-03-07 04:06:52,1,19733,LOUISIANA,SOUTHWEST,INTERSTATE
2015,LNG,5,2,I,20160291,N,2017-03-07 04:06:52,1,31044,WYOMING,WESTERN,INTRASTATE
2015,LNG,1,2,I,20160292,N,2017-03-07 04:06:52,1,12350,MINNESOTA,CENTRAL,INTRASTATE
2015,LNG,0,1,I,20160292,N,2017-03-07 04:06:52,1,12350,TEXAS,SOUTHWEST,INTRASTATE
2015,LNG,4,2,I,20160293,N,2017-03-07 04:06:52,1,22189,WASHINGTON,WESTERN,INTRASTATE
2015,LNG,8,2,I,20160294,N,2017-03-07 04:06:52,1,99128,ALASKA,WESTERN,INTRASTATE
2015,LNG,0,1,I,20160295,N,2017-03-07 04:06:52,1,39092,ALASKA,WESTERN,INTRASTATE
2015,LNG,6,4,I,20160296,N,2017-03-07 04:06:52,1,180,ALABAMA,SOUTHERN,INTRASTATE
2015,LNG,1,1,I,20160297,N,2017-03-07 04:06:52,1,31191,MONTANA,WESTERN,INTRASTATE
2015,LNG,2,1,I,20160298,N,2017-03-07 04:06:52,1,1344,MASSACHUSETTS,EASTERN,INTRASTATE
2015,LNG,1,1,I,20160299,N,2017-03-07 04:06:52,1,2704,NEW YORK,EASTERN,INTRASTATE
2015,LNG,2,2,I,20160300,N,2017-03-07 04:06:52,1,13840,OREGON,WESTERN,INTRASTATE
2015,LNG,1,1,I,20160301,N,2017-03-07 04:06:52,1,4070,TENNESSEE,SOUTHERN,INTERSTATE
2015,LNG,2,1,I,20160302,N,2017-03-07 04:06:52,1,32206,TEXAS,SOUTHWEST,INTERSTATE
2015,LNG,3,2,I,20160303,N,2017-03-07 04:06:52,1,18408,SOUTH CAROLINA,SOUTHERN,INTRASTATE
2015,LNG,5,1,I,20160304,N,2017-03-07 04:06:52,1,32152,LOUISIANA,SOUTHWEST,INTERSTATE
2015,LNG,2,1,I,20160305,N,2017-03-07 04:06:52,1,32640,MISSISSIPPI,SOUTHERN,INTERSTATE
2015,LNG,1,1,I,20160306,N,2017-03-07 04:06:52,1,15938,NORTH CAROLINA,SOUTHERN,INTRASTATE
2015,LNG,1,1,I,20160307,N,2017-03-07 04:06:52,1,12342,TENNESSEE,SOUTHERN,INTRASTATE
2015,LNG,1,1,I,20160308,N,2017-03-07 04:06:52,1,15952,NEW JERSEY,EASTERN,INTRASTATE
2015,LNG,4,1,I,20160309,N,2017-03-07 04:06:52,1,7330,MASSACHUSETTS,EASTERN,INTRASTATE
2015,LNG,1,1,I,20160310,N,2017-03-07 04:06:52,1,12390,NEBRASKA,CENTRAL,INTRASTATE
2015,LNG,2,1,I,20160311,N,2017-03-07 04:06:52,1,39054,WASHINGTON,WESTERN,INTERSTATE
2015,LNG,1,1,I,20160312,N,2017-03-07 04:06:52,1,22777,WISCONSIN,CENTRAL,INTRASTATE
2015,LNG,4,1,I,20160313,N,2017-03-07 04:06:52,1,22763,WISCONSIN,CENTRAL,INTRASTATE
2015,LNG,3,3,I,20160314,N,2017-03-07 04:06:52,1,1640,MASSACHUSETTS,EASTERN,INTRASTATE
2015,LNG,1,1,I,20160315,N,2017-03-07 04:06:52,1,630,ARKANSAS,SOUTHWEST,INTRASTATE
2015,LNG,3,2,I,20160316,N,2017-03-07 04:06:52,1,13299,NEW JERSEY,EASTERN,INTRASTATE
2015,LNG,1,1,I,20160317,N,2017-03-07 04:06:52,1,11713,NEW YORK,EASTERN,INTRASTATE
2015,LNG,1,1,I,20160318,N,2017-03-07 04:06:52,1,18440,NEW JERSEY,EASTERN,INTRASTATE
2015,LNG,1,11,I,20160319,N,2017-03-07 04:06:52,1,11856,MASSACHUSETTS,EASTERN,INTRASTATE
2015,LNG,1,1,I,20160320,N,2017-03-07 04:06:52,1,17540,VIRGINIA,EASTERN,INTRASTATE
2015,LNG,4,3,I,20160321,N,2017-03-07 04:06:52,1,30750,IOWA,CENTRAL,INTRASTATE
2015,LNG,5,2,I,20160322,N,2017-03-07 04:06:52,1,1088,MARYLAND,EASTERN,INTRASTATE
2015,LNG,1,1,I,20160323,N,2017-03-07 04:06:52,1,13750,IOWA,CENTRAL,INTERSTATE
2015,LNG,1,1,I,20160323,N,2017-03-07 04:06:52,1,13750,MINNESOTA,CENTRAL,INTERSTATE
2015,LNG,1,1,I,20160324,N,2017-03-07 04:06:52,1,13783,WISCONSIN,CENTRAL,INTRASTATE
2015,LNG,1,1,I,20160325,N,2017-03-07 04:06:52,1,3240,DELAWARE,EASTERN,INTRASTATE
2015,LNG,2,1,I,20160326,N,2017-03-07 04:06:52,1,31636,MINNESOTA,CENTRAL,INTRASTATE
2015,LNG,5,1,I,20160327,N,2017-03-07 04:06:52,1,18490,GEORGIA,SOUTHERN,INTERSTATE
2015,LNG,2,1,I,20160328,N,2017-03-07 04:06:52,1,3411,MASSACHUSETTS,EASTERN,INTERSTATE
2015,LNG,2,2,I,20160329,N,2017-03-07 04:06:52,1,15518,NORTH CAROLINA,SOUTHERN,INTRASTATE
2015,LNG,1,1,I,20160329,N,2017-03-07 04:06:52,1,15518,TENNESSEE,SOUTHERN,INTRASTATE
2015,LNG,9,4,I,20160330,N,2017-03-07 04:06:52,1,1209,MASSACHUSETTS,EASTERN,INTRASTATE
2015,LNG,22,21,I,20160332,N,2017-03-07 04:06:52,1,15007,CALIFORNIA,WESTERN,INTRASTATE
2015,LNG,2,1,I,20160333,N,2017-03-07 04:06:52,1,13730,INDIANA,CENTRAL,INTRASTATE
2015,LNG,1,1,I,20160334,N,2017-03-07 04:06:52,1,15033,NEVADA,WESTERN,INTERSTATE
2015,LNG,6,1,I,20160335,N,2017-03-07 04:06:52,1,6790,NORTH CAROLINA,SOUTHERN,INTRASTATE
2015,LNG,3,1,I,20160336,N,2017-03-07 04:06:52,1,39453,TEXAS,SOUTHWEST,INTRASTATE